"resource","consumer"
"Species 1","Species 7"
"Species 1","Species 8"
"Species 1","Species 9"
"Species 1","Species 10"
"Species 1","Species 13"
"Species 1","Species 14"
"Species 1","Species 15"
"Species 1","Species 18"
"Species 1","Species 19"
"Species 1","Species 21"
"Species 1","Species 24"
"Species 1","Species 26"
"Species 1","Species 32"
"Species 1","Species 33"
"Species 1","Species 40"
"Species 1","Species 42"
"Species 1","Species 45"
"Species 1","Species 58"
"Species 1","Species 60"
"Species 1","Species 62"
"Species 2","Species 7"
"Species 2","Species 8"
"Species 2","Species 9"
"Species 2","Species 12"
"Species 2","Species 24"
"Species 2","Species 26"
"Species 2","Species 30"
"Species 2","Species 31"
"Species 2","Species 32"
"Species 2","Species 33"
"Species 2","Species 40"
"Species 2","Species 45"
"Species 2","Species 58"
"Species 2","Species 60"
"Species 2","Species 62"
"Species 2","Species 70"
"Species 2","Species 71"
"Species 3","Species 6"
"Species 3","Species 17"
"Species 3","Species 18"
"Species 3","Species 19"
"Species 3","Species 58"
"Species 3","Species 60"
"Species 3","Species 62"
"Species 4","Species 6"
"Species 4","Species 7"
"Species 4","Species 9"
"Species 4","Species 13"
"Species 4","Species 14"
"Species 4","Species 15"
"Species 4","Species 21"
"Species 4","Species 22"
"Species 4","Species 23"
"Species 4","Species 24"
"Species 4","Species 26"
"Species 4","Species 40"
"Species 4","Species 42"
"Species 4","Species 45"
"Species 4","Species 58"
"Species 4","Species 60"
"Species 4","Species 62"
"Species 4","Species 67"
"Species 5","Species 13"
"Species 5","Species 14"
"Species 5","Species 21"
"Species 5","Species 22"
"Species 5","Species 23"
"Species 5","Species 24"
"Species 5","Species 26"
"Species 5","Species 45"
"Species 5","Species 64"
"Species 5","Species 66"
"Species 5","Species 67"
"Species 5","Species 71"
"Species 6","Species 6"
"Species 6","Species 7"
"Species 6","Species 16"
"Species 6","Species 17"
"Species 6","Species 18"
"Species 6","Species 19"
"Species 6","Species 26"
"Species 6","Species 28"
"Species 6","Species 29"
"Species 6","Species 48"
"Species 6","Species 50"
"Species 6","Species 52"
"Species 6","Species 54"
"Species 6","Species 55"
"Species 6","Species 56"
"Species 6","Species 67"
"Species 6","Species 102"
"Species 7","Species 6"
"Species 7","Species 7"
"Species 7","Species 9"
"Species 7","Species 12"
"Species 7","Species 16"
"Species 7","Species 24"
"Species 7","Species 25"
"Species 7","Species 26"
"Species 7","Species 27"
"Species 7","Species 40"
"Species 7","Species 42"
"Species 7","Species 48"
"Species 7","Species 50"
"Species 7","Species 52"
"Species 7","Species 54"
"Species 7","Species 55"
"Species 7","Species 56"
"Species 7","Species 67"
"Species 8","Species 6"
"Species 8","Species 7"
"Species 8","Species 9"
"Species 8","Species 10"
"Species 8","Species 13"
"Species 8","Species 14"
"Species 8","Species 15"
"Species 8","Species 18"
"Species 8","Species 19"
"Species 8","Species 40"
"Species 8","Species 42"
"Species 8","Species 45"
"Species 8","Species 58"
"Species 8","Species 60"
"Species 8","Species 62"
"Species 9","Species 7"
"Species 9","Species 12"
"Species 9","Species 16"
"Species 9","Species 24"
"Species 9","Species 25"
"Species 9","Species 27"
"Species 9","Species 48"
"Species 9","Species 50"
"Species 9","Species 52"
"Species 9","Species 54"
"Species 9","Species 55"
"Species 9","Species 56"
"Species 9","Species 61"
"Species 9","Species 67"
"Species 10","Species 7"
"Species 10","Species 12"
"Species 10","Species 16"
"Species 10","Species 24"
"Species 10","Species 25"
"Species 10","Species 27"
"Species 10","Species 48"
"Species 10","Species 50"
"Species 10","Species 52"
"Species 10","Species 54"
"Species 10","Species 55"
"Species 10","Species 56"
"Species 10","Species 61"
"Species 10","Species 67"
"Species 11","Species 12"
"Species 11","Species 48"
"Species 11","Species 50"
"Species 11","Species 52"
"Species 11","Species 54"
"Species 11","Species 55"
"Species 11","Species 56"
"Species 11","Species 61"
"Species 11","Species 67"
"Species 12","Species 7"
"Species 12","Species 24"
"Species 12","Species 25"
"Species 12","Species 27"
"Species 12","Species 48"
"Species 12","Species 50"
"Species 12","Species 52"
"Species 12","Species 54"
"Species 12","Species 55"
"Species 12","Species 56"
"Species 12","Species 61"
"Species 12","Species 63"
"Species 12","Species 67"
"Species 13","Species 24"
"Species 13","Species 25"
"Species 13","Species 27"
"Species 13","Species 34"
"Species 13","Species 35"
"Species 13","Species 36"
"Species 13","Species 37"
"Species 13","Species 54"
"Species 13","Species 55"
"Species 13","Species 56"
"Species 13","Species 57"
"Species 13","Species 61"
"Species 13","Species 67"
"Species 13","Species 94"
"Species 13","Species 96"
"Species 13","Species 98"
"Species 14","Species 11"
"Species 14","Species 24"
"Species 14","Species 25"
"Species 14","Species 27"
"Species 14","Species 34"
"Species 14","Species 35"
"Species 14","Species 36"
"Species 14","Species 37"
"Species 14","Species 48"
"Species 14","Species 54"
"Species 14","Species 55"
"Species 14","Species 56"
"Species 14","Species 57"
"Species 14","Species 61"
"Species 14","Species 67"
"Species 14","Species 82"
"Species 14","Species 84"
"Species 14","Species 88"
"Species 14","Species 92"
"Species 14","Species 94"
"Species 14","Species 98"
"Species 14","Species 100"
"Species 14","Species 104"
"Species 14","Species 108"
"Species 15","Species 12"
"Species 15","Species 16"
"Species 15","Species 24"
"Species 15","Species 25"
"Species 15","Species 27"
"Species 15","Species 28"
"Species 15","Species 29"
"Species 15","Species 32"
"Species 15","Species 33"
"Species 15","Species 34"
"Species 15","Species 35"
"Species 15","Species 36"
"Species 15","Species 37"
"Species 15","Species 48"
"Species 15","Species 50"
"Species 15","Species 52"
"Species 15","Species 54"
"Species 15","Species 55"
"Species 15","Species 56"
"Species 15","Species 57"
"Species 15","Species 61"
"Species 15","Species 67"
"Species 15","Species 112"
"Species 15","Species 113"
"Species 16","Species 12"
"Species 16","Species 16"
"Species 16","Species 24"
"Species 16","Species 25"
"Species 16","Species 27"
"Species 16","Species 28"
"Species 16","Species 29"
"Species 16","Species 32"
"Species 16","Species 33"
"Species 16","Species 48"
"Species 16","Species 50"
"Species 16","Species 52"
"Species 16","Species 54"
"Species 16","Species 55"
"Species 16","Species 56"
"Species 16","Species 67"
"Species 16","Species 102"
"Species 17","Species 12"
"Species 17","Species 16"
"Species 17","Species 24"
"Species 17","Species 25"
"Species 17","Species 27"
"Species 17","Species 28"
"Species 17","Species 29"
"Species 17","Species 32"
"Species 17","Species 33"
"Species 17","Species 48"
"Species 17","Species 50"
"Species 17","Species 52"
"Species 17","Species 54"
"Species 17","Species 55"
"Species 17","Species 56"
"Species 17","Species 67"
"Species 17","Species 102"
"Species 18","Species 12"
"Species 18","Species 16"
"Species 18","Species 24"
"Species 18","Species 25"
"Species 18","Species 27"
"Species 18","Species 28"
"Species 18","Species 29"
"Species 18","Species 32"
"Species 18","Species 33"
"Species 18","Species 48"
"Species 18","Species 50"
"Species 18","Species 52"
"Species 18","Species 54"
"Species 18","Species 55"
"Species 18","Species 56"
"Species 18","Species 67"
"Species 19","Species 16"
"Species 19","Species 24"
"Species 19","Species 25"
"Species 19","Species 27"
"Species 19","Species 28"
"Species 19","Species 29"
"Species 19","Species 32"
"Species 19","Species 33"
"Species 19","Species 48"
"Species 19","Species 50"
"Species 19","Species 52"
"Species 19","Species 54"
"Species 19","Species 55"
"Species 19","Species 56"
"Species 19","Species 61"
"Species 19","Species 67"
"Species 19","Species 102"
"Species 20","Species 47"
"Species 20","Species 49"
"Species 20","Species 51"
"Species 20","Species 53"
"Species 20","Species 57"
"Species 20","Species 59"
"Species 20","Species 61"
"Species 20","Species 64"
"Species 20","Species 65"
"Species 20","Species 66"
"Species 20","Species 67"
"Species 20","Species 72"
"Species 20","Species 78"
"Species 21","Species 16"
"Species 21","Species 24"
"Species 21","Species 25"
"Species 21","Species 27"
"Species 21","Species 28"
"Species 21","Species 29"
"Species 21","Species 30"
"Species 21","Species 31"
"Species 21","Species 32"
"Species 21","Species 33"
"Species 21","Species 34"
"Species 21","Species 35"
"Species 21","Species 36"
"Species 21","Species 37"
"Species 21","Species 48"
"Species 21","Species 50"
"Species 21","Species 52"
"Species 21","Species 54"
"Species 21","Species 55"
"Species 21","Species 56"
"Species 21","Species 61"
"Species 21","Species 72"
"Species 21","Species 78"
"Species 22","Species 24"
"Species 22","Species 25"
"Species 22","Species 27"
"Species 22","Species 28"
"Species 22","Species 29"
"Species 22","Species 32"
"Species 22","Species 33"
"Species 22","Species 34"
"Species 22","Species 35"
"Species 22","Species 36"
"Species 22","Species 37"
"Species 22","Species 48"
"Species 22","Species 50"
"Species 22","Species 52"
"Species 22","Species 54"
"Species 22","Species 55"
"Species 22","Species 56"
"Species 22","Species 57"
"Species 22","Species 59"
"Species 22","Species 61"
"Species 22","Species 67"
"Species 23","Species 24"
"Species 23","Species 25"
"Species 23","Species 27"
"Species 23","Species 28"
"Species 23","Species 29"
"Species 23","Species 32"
"Species 23","Species 33"
"Species 23","Species 34"
"Species 23","Species 35"
"Species 23","Species 36"
"Species 23","Species 37"
"Species 23","Species 48"
"Species 23","Species 50"
"Species 23","Species 52"
"Species 23","Species 54"
"Species 23","Species 55"
"Species 23","Species 56"
"Species 23","Species 57"
"Species 23","Species 59"
"Species 23","Species 61"
"Species 23","Species 67"
"Species 24","Species 24"
"Species 24","Species 27"
"Species 24","Species 61"
"Species 24","Species 67"
"Species 25","Species 24"
"Species 25","Species 25"
"Species 25","Species 32"
"Species 25","Species 33"
"Species 25","Species 34"
"Species 25","Species 35"
"Species 25","Species 36"
"Species 25","Species 37"
"Species 25","Species 48"
"Species 25","Species 50"
"Species 25","Species 52"
"Species 25","Species 54"
"Species 25","Species 55"
"Species 25","Species 56"
"Species 25","Species 57"
"Species 25","Species 61"
"Species 25","Species 67"
"Species 25","Species 69"
"Species 26","Species 24"
"Species 26","Species 25"
"Species 26","Species 32"
"Species 26","Species 33"
"Species 26","Species 34"
"Species 26","Species 35"
"Species 26","Species 36"
"Species 26","Species 37"
"Species 26","Species 48"
"Species 26","Species 50"
"Species 26","Species 52"
"Species 26","Species 54"
"Species 26","Species 55"
"Species 26","Species 56"
"Species 26","Species 57"
"Species 26","Species 59"
"Species 26","Species 61"
"Species 26","Species 67"
"Species 26","Species 69"
"Species 27","Species 24"
"Species 27","Species 25"
"Species 27","Species 27"
"Species 27","Species 28"
"Species 27","Species 29"
"Species 27","Species 32"
"Species 27","Species 33"
"Species 27","Species 34"
"Species 27","Species 35"
"Species 27","Species 36"
"Species 27","Species 37"
"Species 27","Species 48"
"Species 27","Species 50"
"Species 27","Species 52"
"Species 27","Species 54"
"Species 27","Species 55"
"Species 27","Species 56"
"Species 27","Species 57"
"Species 27","Species 59"
"Species 27","Species 61"
"Species 27","Species 67"
"Species 27","Species 69"
"Species 28","Species 28"
"Species 28","Species 29"
"Species 28","Species 32"
"Species 28","Species 33"
"Species 28","Species 47"
"Species 28","Species 48"
"Species 28","Species 50"
"Species 28","Species 52"
"Species 28","Species 54"
"Species 28","Species 55"
"Species 28","Species 56"
"Species 28","Species 57"
"Species 28","Species 59"
"Species 28","Species 61"
"Species 28","Species 64"
"Species 28","Species 65"
"Species 28","Species 66"
"Species 28","Species 67"
"Species 28","Species 72"
"Species 29","Species 28"
"Species 29","Species 29"
"Species 29","Species 32"
"Species 29","Species 33"
"Species 29","Species 48"
"Species 29","Species 50"
"Species 29","Species 52"
"Species 29","Species 54"
"Species 29","Species 55"
"Species 29","Species 56"
"Species 29","Species 57"
"Species 29","Species 59"
"Species 29","Species 61"
"Species 29","Species 64"
"Species 29","Species 65"
"Species 29","Species 66"
"Species 29","Species 67"
"Species 29","Species 72"
"Species 30","Species 28"
"Species 30","Species 29"
"Species 30","Species 30"
"Species 30","Species 31"
"Species 30","Species 48"
"Species 30","Species 50"
"Species 30","Species 52"
"Species 30","Species 54"
"Species 30","Species 55"
"Species 30","Species 56"
"Species 30","Species 57"
"Species 30","Species 59"
"Species 30","Species 61"
"Species 30","Species 64"
"Species 30","Species 65"
"Species 30","Species 66"
"Species 30","Species 67"
"Species 30","Species 72"
"Species 31","Species 28"
"Species 31","Species 29"
"Species 31","Species 30"
"Species 31","Species 31"
"Species 31","Species 48"
"Species 31","Species 50"
"Species 31","Species 52"
"Species 31","Species 54"
"Species 31","Species 55"
"Species 31","Species 56"
"Species 31","Species 57"
"Species 31","Species 59"
"Species 31","Species 61"
"Species 31","Species 64"
"Species 31","Species 65"
"Species 31","Species 66"
"Species 31","Species 67"
"Species 31","Species 72"
"Species 32","Species 28"
"Species 32","Species 29"
"Species 32","Species 32"
"Species 32","Species 33"
"Species 32","Species 47"
"Species 32","Species 48"
"Species 32","Species 50"
"Species 32","Species 52"
"Species 32","Species 54"
"Species 32","Species 55"
"Species 32","Species 56"
"Species 32","Species 57"
"Species 32","Species 59"
"Species 32","Species 61"
"Species 32","Species 64"
"Species 32","Species 65"
"Species 32","Species 66"
"Species 32","Species 67"
"Species 32","Species 72"
"Species 33","Species 28"
"Species 33","Species 29"
"Species 33","Species 32"
"Species 33","Species 33"
"Species 33","Species 48"
"Species 33","Species 50"
"Species 33","Species 52"
"Species 33","Species 54"
"Species 33","Species 55"
"Species 33","Species 56"
"Species 33","Species 57"
"Species 33","Species 59"
"Species 33","Species 61"
"Species 33","Species 64"
"Species 33","Species 65"
"Species 33","Species 66"
"Species 33","Species 67"
"Species 33","Species 72"
"Species 34","Species 34"
"Species 34","Species 35"
"Species 34","Species 67"
"Species 34","Species 68"
"Species 34","Species 69"
"Species 34","Species 72"
"Species 35","Species 24"
"Species 35","Species 25"
"Species 35","Species 27"
"Species 35","Species 28"
"Species 35","Species 29"
"Species 35","Species 34"
"Species 35","Species 35"
"Species 35","Species 36"
"Species 35","Species 37"
"Species 35","Species 48"
"Species 35","Species 50"
"Species 35","Species 52"
"Species 35","Species 54"
"Species 35","Species 55"
"Species 35","Species 56"
"Species 35","Species 57"
"Species 35","Species 59"
"Species 35","Species 61"
"Species 35","Species 67"
"Species 35","Species 68"
"Species 35","Species 69"
"Species 35","Species 72"
"Species 36","Species 24"
"Species 36","Species 25"
"Species 36","Species 27"
"Species 36","Species 28"
"Species 36","Species 29"
"Species 36","Species 34"
"Species 36","Species 35"
"Species 36","Species 36"
"Species 36","Species 37"
"Species 36","Species 52"
"Species 36","Species 54"
"Species 36","Species 55"
"Species 36","Species 56"
"Species 36","Species 57"
"Species 36","Species 61"
"Species 36","Species 67"
"Species 36","Species 68"
"Species 36","Species 69"
"Species 36","Species 72"
"Species 37","Species 24"
"Species 37","Species 25"
"Species 37","Species 27"
"Species 37","Species 28"
"Species 37","Species 29"
"Species 37","Species 34"
"Species 37","Species 35"
"Species 37","Species 36"
"Species 37","Species 37"
"Species 37","Species 48"
"Species 37","Species 50"
"Species 37","Species 52"
"Species 37","Species 54"
"Species 37","Species 55"
"Species 37","Species 56"
"Species 37","Species 57"
"Species 37","Species 59"
"Species 37","Species 61"
"Species 37","Species 67"
"Species 37","Species 68"
"Species 37","Species 69"
"Species 37","Species 72"
"Species 38","Species 47"
"Species 38","Species 49"
"Species 38","Species 51"
"Species 38","Species 53"
"Species 38","Species 57"
"Species 38","Species 59"
"Species 38","Species 61"
"Species 38","Species 64"
"Species 38","Species 65"
"Species 38","Species 66"
"Species 38","Species 78"
"Species 39","Species 12"
"Species 39","Species 16"
"Species 39","Species 24"
"Species 39","Species 25"
"Species 39","Species 27"
"Species 39","Species 28"
"Species 39","Species 29"
"Species 39","Species 30"
"Species 39","Species 31"
"Species 39","Species 32"
"Species 39","Species 33"
"Species 39","Species 34"
"Species 39","Species 35"
"Species 39","Species 36"
"Species 39","Species 37"
"Species 39","Species 48"
"Species 39","Species 49"
"Species 39","Species 50"
"Species 39","Species 51"
"Species 39","Species 52"
"Species 39","Species 53"
"Species 39","Species 54"
"Species 39","Species 55"
"Species 39","Species 56"
"Species 39","Species 57"
"Species 39","Species 59"
"Species 39","Species 61"
"Species 40","Species 12"
"Species 40","Species 16"
"Species 40","Species 24"
"Species 40","Species 25"
"Species 40","Species 27"
"Species 40","Species 28"
"Species 40","Species 29"
"Species 40","Species 30"
"Species 40","Species 31"
"Species 40","Species 32"
"Species 40","Species 33"
"Species 40","Species 34"
"Species 40","Species 35"
"Species 40","Species 36"
"Species 40","Species 37"
"Species 40","Species 48"
"Species 40","Species 49"
"Species 40","Species 50"
"Species 40","Species 51"
"Species 40","Species 52"
"Species 40","Species 53"
"Species 40","Species 54"
"Species 40","Species 55"
"Species 40","Species 56"
"Species 40","Species 57"
"Species 40","Species 59"
"Species 40","Species 61"
"Species 40","Species 78"
"Species 41","Species 47"
"Species 41","Species 49"
"Species 41","Species 51"
"Species 41","Species 53"
"Species 41","Species 57"
"Species 41","Species 59"
"Species 41","Species 61"
"Species 41","Species 64"
"Species 41","Species 65"
"Species 41","Species 66"
"Species 42","Species 12"
"Species 42","Species 16"
"Species 42","Species 24"
"Species 42","Species 25"
"Species 42","Species 27"
"Species 42","Species 28"
"Species 42","Species 29"
"Species 42","Species 30"
"Species 42","Species 31"
"Species 42","Species 32"
"Species 42","Species 33"
"Species 42","Species 34"
"Species 42","Species 35"
"Species 42","Species 36"
"Species 42","Species 37"
"Species 42","Species 48"
"Species 42","Species 50"
"Species 42","Species 52"
"Species 42","Species 54"
"Species 42","Species 55"
"Species 42","Species 56"
"Species 42","Species 57"
"Species 42","Species 59"
"Species 42","Species 61"
"Species 42","Species 67"
"Species 43","Species 12"
"Species 43","Species 16"
"Species 43","Species 24"
"Species 43","Species 25"
"Species 43","Species 27"
"Species 43","Species 28"
"Species 43","Species 29"
"Species 43","Species 30"
"Species 43","Species 31"
"Species 43","Species 32"
"Species 43","Species 33"
"Species 43","Species 34"
"Species 43","Species 35"
"Species 43","Species 36"
"Species 43","Species 37"
"Species 43","Species 48"
"Species 43","Species 50"
"Species 43","Species 52"
"Species 43","Species 54"
"Species 43","Species 56"
"Species 43","Species 57"
"Species 43","Species 59"
"Species 43","Species 61"
"Species 43","Species 67"
"Species 44","Species 47"
"Species 44","Species 59"
"Species 44","Species 64"
"Species 44","Species 65"
"Species 44","Species 66"
"Species 44","Species 67"
"Species 45","Species 12"
"Species 45","Species 16"
"Species 45","Species 24"
"Species 45","Species 25"
"Species 45","Species 27"
"Species 45","Species 28"
"Species 45","Species 29"
"Species 45","Species 30"
"Species 45","Species 31"
"Species 45","Species 32"
"Species 45","Species 33"
"Species 45","Species 34"
"Species 45","Species 35"
"Species 45","Species 36"
"Species 45","Species 37"
"Species 45","Species 48"
"Species 45","Species 49"
"Species 45","Species 50"
"Species 45","Species 51"
"Species 45","Species 52"
"Species 45","Species 53"
"Species 45","Species 54"
"Species 45","Species 55"
"Species 45","Species 56"
"Species 45","Species 57"
"Species 45","Species 59"
"Species 45","Species 61"
"Species 46","Species 12"
"Species 46","Species 16"
"Species 46","Species 24"
"Species 46","Species 25"
"Species 46","Species 27"
"Species 46","Species 28"
"Species 46","Species 29"
"Species 46","Species 30"
"Species 46","Species 31"
"Species 46","Species 32"
"Species 46","Species 33"
"Species 46","Species 34"
"Species 46","Species 35"
"Species 46","Species 36"
"Species 46","Species 37"
"Species 46","Species 48"
"Species 46","Species 49"
"Species 46","Species 50"
"Species 46","Species 51"
"Species 46","Species 52"
"Species 46","Species 53"
"Species 46","Species 54"
"Species 46","Species 55"
"Species 46","Species 56"
"Species 46","Species 57"
"Species 46","Species 59"
"Species 46","Species 61"
"Species 47","Species 53"
"Species 47","Species 55"
"Species 47","Species 57"
"Species 47","Species 59"
"Species 47","Species 61"
"Species 47","Species 64"
"Species 47","Species 65"
"Species 47","Species 66"
"Species 47","Species 67"
"Species 47","Species 68"
"Species 47","Species 69"
"Species 47","Species 72"
"Species 47","Species 77"
"Species 47","Species 102"
"Species 48","Species 24"
"Species 48","Species 25"
"Species 48","Species 27"
"Species 48","Species 28"
"Species 48","Species 29"
"Species 48","Species 34"
"Species 48","Species 35"
"Species 48","Species 36"
"Species 48","Species 37"
"Species 48","Species 48"
"Species 48","Species 50"
"Species 48","Species 52"
"Species 48","Species 54"
"Species 48","Species 55"
"Species 48","Species 56"
"Species 48","Species 57"
"Species 48","Species 59"
"Species 48","Species 61"
"Species 48","Species 72"
"Species 48","Species 77"
"Species 48","Species 102"
"Species 49","Species 47"
"Species 49","Species 49"
"Species 49","Species 51"
"Species 49","Species 53"
"Species 49","Species 55"
"Species 49","Species 57"
"Species 49","Species 59"
"Species 49","Species 61"
"Species 49","Species 64"
"Species 49","Species 65"
"Species 49","Species 66"
"Species 49","Species 67"
"Species 49","Species 68"
"Species 49","Species 69"
"Species 49","Species 72"
"Species 49","Species 77"
"Species 49","Species 102"
"Species 50","Species 24"
"Species 50","Species 25"
"Species 50","Species 27"
"Species 50","Species 28"
"Species 50","Species 29"
"Species 50","Species 30"
"Species 50","Species 31"
"Species 50","Species 32"
"Species 50","Species 33"
"Species 50","Species 34"
"Species 50","Species 35"
"Species 50","Species 36"
"Species 50","Species 37"
"Species 50","Species 48"
"Species 50","Species 50"
"Species 50","Species 52"
"Species 50","Species 54"
"Species 50","Species 55"
"Species 50","Species 56"
"Species 50","Species 57"
"Species 50","Species 59"
"Species 50","Species 61"
"Species 50","Species 72"
"Species 50","Species 77"
"Species 50","Species 102"
"Species 51","Species 47"
"Species 51","Species 49"
"Species 51","Species 51"
"Species 51","Species 53"
"Species 51","Species 55"
"Species 51","Species 57"
"Species 51","Species 59"
"Species 51","Species 61"
"Species 51","Species 64"
"Species 51","Species 65"
"Species 51","Species 66"
"Species 51","Species 67"
"Species 51","Species 68"
"Species 51","Species 69"
"Species 51","Species 72"
"Species 51","Species 77"
"Species 51","Species 102"
"Species 52","Species 24"
"Species 52","Species 25"
"Species 52","Species 27"
"Species 52","Species 28"
"Species 52","Species 29"
"Species 52","Species 30"
"Species 52","Species 31"
"Species 52","Species 32"
"Species 52","Species 33"
"Species 52","Species 34"
"Species 52","Species 35"
"Species 52","Species 36"
"Species 52","Species 37"
"Species 52","Species 48"
"Species 52","Species 50"
"Species 52","Species 52"
"Species 52","Species 54"
"Species 52","Species 55"
"Species 52","Species 56"
"Species 52","Species 57"
"Species 52","Species 59"
"Species 52","Species 61"
"Species 52","Species 72"
"Species 52","Species 77"
"Species 52","Species 102"
"Species 53","Species 49"
"Species 53","Species 53"
"Species 53","Species 55"
"Species 53","Species 57"
"Species 53","Species 61"
"Species 53","Species 64"
"Species 53","Species 65"
"Species 53","Species 66"
"Species 53","Species 67"
"Species 53","Species 68"
"Species 53","Species 69"
"Species 53","Species 72"
"Species 53","Species 77"
"Species 53","Species 102"
"Species 54","Species 24"
"Species 54","Species 25"
"Species 54","Species 27"
"Species 54","Species 28"
"Species 54","Species 29"
"Species 54","Species 34"
"Species 54","Species 35"
"Species 54","Species 36"
"Species 54","Species 37"
"Species 54","Species 48"
"Species 54","Species 50"
"Species 54","Species 52"
"Species 54","Species 54"
"Species 54","Species 55"
"Species 54","Species 56"
"Species 54","Species 57"
"Species 54","Species 59"
"Species 54","Species 61"
"Species 54","Species 72"
"Species 54","Species 77"
"Species 54","Species 102"
"Species 55","Species 34"
"Species 55","Species 35"
"Species 55","Species 63"
"Species 55","Species 73"
"Species 55","Species 75"
"Species 55","Species 79"
"Species 55","Species 81"
"Species 55","Species 86"
"Species 55","Species 94"
"Species 55","Species 98"
"Species 55","Species 99"
"Species 56","Species 24"
"Species 56","Species 25"
"Species 56","Species 28"
"Species 56","Species 29"
"Species 56","Species 34"
"Species 56","Species 35"
"Species 56","Species 36"
"Species 56","Species 37"
"Species 56","Species 48"
"Species 56","Species 54"
"Species 56","Species 55"
"Species 56","Species 56"
"Species 56","Species 57"
"Species 56","Species 61"
"Species 56","Species 63"
"Species 56","Species 67"
"Species 56","Species 68"
"Species 56","Species 69"
"Species 56","Species 70"
"Species 56","Species 71"
"Species 56","Species 73"
"Species 56","Species 75"
"Species 56","Species 79"
"Species 56","Species 81"
"Species 56","Species 86"
"Species 56","Species 94"
"Species 56","Species 98"
"Species 56","Species 110"
"Species 57","Species 34"
"Species 57","Species 35"
"Species 57","Species 36"
"Species 57","Species 37"
"Species 57","Species 57"
"Species 57","Species 61"
"Species 57","Species 63"
"Species 57","Species 68"
"Species 57","Species 69"
"Species 57","Species 70"
"Species 57","Species 71"
"Species 57","Species 73"
"Species 57","Species 75"
"Species 57","Species 79"
"Species 57","Species 86"
"Species 57","Species 94"
"Species 57","Species 98"
"Species 57","Species 99"
"Species 57","Species 106"
"Species 57","Species 107"
"Species 58","Species 24"
"Species 58","Species 25"
"Species 58","Species 28"
"Species 58","Species 29"
"Species 58","Species 34"
"Species 58","Species 35"
"Species 58","Species 36"
"Species 58","Species 37"
"Species 58","Species 48"
"Species 58","Species 54"
"Species 58","Species 55"
"Species 58","Species 56"
"Species 58","Species 57"
"Species 58","Species 61"
"Species 58","Species 63"
"Species 58","Species 67"
"Species 58","Species 68"
"Species 58","Species 69"
"Species 58","Species 70"
"Species 58","Species 73"
"Species 58","Species 75"
"Species 58","Species 79"
"Species 58","Species 86"
"Species 58","Species 94"
"Species 58","Species 98"
"Species 58","Species 106"
"Species 58","Species 110"
"Species 59","Species 34"
"Species 59","Species 35"
"Species 59","Species 36"
"Species 59","Species 37"
"Species 59","Species 55"
"Species 59","Species 57"
"Species 59","Species 59"
"Species 59","Species 61"
"Species 59","Species 63"
"Species 59","Species 67"
"Species 59","Species 68"
"Species 59","Species 69"
"Species 59","Species 70"
"Species 59","Species 71"
"Species 59","Species 73"
"Species 59","Species 75"
"Species 59","Species 79"
"Species 59","Species 86"
"Species 59","Species 94"
"Species 59","Species 98"
"Species 59","Species 99"
"Species 59","Species 106"
"Species 59","Species 107"
"Species 60","Species 24"
"Species 60","Species 25"
"Species 60","Species 28"
"Species 60","Species 29"
"Species 60","Species 34"
"Species 60","Species 35"
"Species 60","Species 36"
"Species 60","Species 37"
"Species 60","Species 48"
"Species 60","Species 54"
"Species 60","Species 55"
"Species 60","Species 56"
"Species 60","Species 57"
"Species 60","Species 61"
"Species 60","Species 63"
"Species 60","Species 67"
"Species 60","Species 68"
"Species 60","Species 69"
"Species 60","Species 70"
"Species 60","Species 71"
"Species 60","Species 73"
"Species 60","Species 75"
"Species 60","Species 79"
"Species 60","Species 86"
"Species 60","Species 94"
"Species 60","Species 98"
"Species 60","Species 106"
"Species 60","Species 110"
"Species 61","Species 34"
"Species 61","Species 35"
"Species 61","Species 55"
"Species 61","Species 61"
"Species 61","Species 63"
"Species 61","Species 67"
"Species 61","Species 68"
"Species 61","Species 69"
"Species 61","Species 70"
"Species 61","Species 71"
"Species 61","Species 73"
"Species 61","Species 75"
"Species 61","Species 79"
"Species 61","Species 86"
"Species 61","Species 87"
"Species 61","Species 94"
"Species 61","Species 98"
"Species 61","Species 99"
"Species 61","Species 106"
"Species 61","Species 107"
"Species 62","Species 24"
"Species 62","Species 25"
"Species 62","Species 28"
"Species 62","Species 29"
"Species 62","Species 34"
"Species 62","Species 35"
"Species 62","Species 36"
"Species 62","Species 37"
"Species 62","Species 48"
"Species 62","Species 54"
"Species 62","Species 55"
"Species 62","Species 56"
"Species 62","Species 61"
"Species 62","Species 63"
"Species 62","Species 67"
"Species 62","Species 68"
"Species 62","Species 69"
"Species 62","Species 70"
"Species 62","Species 71"
"Species 62","Species 73"
"Species 62","Species 75"
"Species 62","Species 79"
"Species 62","Species 86"
"Species 62","Species 90"
"Species 62","Species 94"
"Species 62","Species 98"
"Species 62","Species 106"
"Species 62","Species 110"
"Species 63","Species 68"
"Species 63","Species 69"
"Species 63","Species 71"
"Species 63","Species 106"
"Species 64","Species 68"
"Species 64","Species 69"
"Species 65","Species 68"
"Species 65","Species 69"
"Species 66","Species 68"
"Species 66","Species 69"
"Species 67","Species 68"
"Species 67","Species 69"
"Species 67","Species 71"
"Species 67","Species 83"
"Species 67","Species 91"
"Species 67","Species 95"
"Species 67","Species 111"
"Species 68","Species 83"
"Species 68","Species 91"
"Species 68","Species 95"
"Species 69","Species 68"
"Species 69","Species 83"
"Species 69","Species 91"
"Species 69","Species 95"
"Species 70","Species 68"
"Species 70","Species 69"
"Species 70","Species 71"
"Species 70","Species 83"
"Species 70","Species 91"
"Species 70","Species 95"
"Species 71","Species 103"
"Species 72","Species 16"
"Species 72","Species 24"
"Species 72","Species 25"
"Species 72","Species 27"
"Species 72","Species 47"
"Species 72","Species 48"
"Species 72","Species 49"
"Species 72","Species 50"
"Species 72","Species 51"
"Species 72","Species 52"
"Species 72","Species 53"
"Species 72","Species 54"
"Species 72","Species 55"
"Species 72","Species 56"
"Species 72","Species 57"
"Species 72","Species 59"
"Species 72","Species 61"
"Species 72","Species 64"
"Species 72","Species 65"
"Species 72","Species 66"
"Species 72","Species 67"
"Species 72","Species 68"
"Species 72","Species 69"
"Species 73","Species 24"
"Species 73","Species 25"
"Species 73","Species 28"
"Species 73","Species 29"
"Species 73","Species 34"
"Species 73","Species 35"
"Species 73","Species 36"
"Species 73","Species 37"
"Species 73","Species 48"
"Species 73","Species 54"
"Species 73","Species 55"
"Species 73","Species 56"
"Species 73","Species 57"
"Species 73","Species 59"
"Species 73","Species 61"
"Species 73","Species 63"
"Species 73","Species 67"
"Species 73","Species 68"
"Species 73","Species 69"
"Species 73","Species 70"
"Species 73","Species 71"
"Species 74","Species 6"
"Species 74","Species 7"
"Species 74","Species 9"
"Species 74","Species 10"
"Species 74","Species 13"
"Species 74","Species 14"
"Species 74","Species 15"
"Species 74","Species 18"
"Species 74","Species 19"
"Species 74","Species 21"
"Species 74","Species 22"
"Species 74","Species 23"
"Species 74","Species 24"
"Species 74","Species 25"
"Species 74","Species 26"
"Species 74","Species 27"
"Species 74","Species 40"
"Species 74","Species 42"
"Species 74","Species 45"
"Species 74","Species 56"
"Species 74","Species 58"
"Species 74","Species 60"
"Species 74","Species 62"
"Species 75","Species 24"
"Species 75","Species 25"
"Species 75","Species 28"
"Species 75","Species 29"
"Species 75","Species 34"
"Species 75","Species 35"
"Species 75","Species 36"
"Species 75","Species 37"
"Species 75","Species 48"
"Species 75","Species 54"
"Species 75","Species 55"
"Species 75","Species 56"
"Species 75","Species 57"
"Species 75","Species 59"
"Species 75","Species 61"
"Species 75","Species 63"
"Species 75","Species 67"
"Species 75","Species 68"
"Species 75","Species 69"
"Species 75","Species 70"
"Species 75","Species 71"
"Species 76","Species 6"
"Species 76","Species 7"
"Species 76","Species 9"
"Species 76","Species 10"
"Species 76","Species 13"
"Species 76","Species 14"
"Species 76","Species 15"
"Species 76","Species 18"
"Species 76","Species 19"
"Species 76","Species 21"
"Species 76","Species 22"
"Species 76","Species 23"
"Species 76","Species 24"
"Species 76","Species 25"
"Species 76","Species 26"
"Species 76","Species 27"
"Species 76","Species 40"
"Species 76","Species 42"
"Species 76","Species 45"
"Species 76","Species 56"
"Species 76","Species 58"
"Species 76","Species 60"
"Species 76","Species 62"
"Species 77","Species 16"
"Species 77","Species 24"
"Species 77","Species 25"
"Species 77","Species 27"
"Species 77","Species 28"
"Species 77","Species 29"
"Species 77","Species 30"
"Species 77","Species 31"
"Species 77","Species 32"
"Species 77","Species 33"
"Species 77","Species 34"
"Species 77","Species 35"
"Species 77","Species 36"
"Species 77","Species 37"
"Species 77","Species 47"
"Species 77","Species 48"
"Species 77","Species 49"
"Species 77","Species 50"
"Species 77","Species 51"
"Species 77","Species 52"
"Species 77","Species 53"
"Species 77","Species 54"
"Species 77","Species 55"
"Species 77","Species 56"
"Species 77","Species 57"
"Species 77","Species 59"
"Species 77","Species 61"
"Species 77","Species 64"
"Species 77","Species 65"
"Species 77","Species 66"
"Species 77","Species 67"
"Species 77","Species 68"
"Species 77","Species 69"
"Species 78","Species 6"
"Species 78","Species 7"
"Species 78","Species 9"
"Species 78","Species 10"
"Species 78","Species 13"
"Species 78","Species 14"
"Species 78","Species 15"
"Species 78","Species 18"
"Species 78","Species 19"
"Species 78","Species 21"
"Species 78","Species 22"
"Species 78","Species 23"
"Species 78","Species 24"
"Species 78","Species 25"
"Species 78","Species 26"
"Species 78","Species 27"
"Species 78","Species 40"
"Species 78","Species 42"
"Species 78","Species 45"
"Species 78","Species 48"
"Species 78","Species 50"
"Species 78","Species 52"
"Species 78","Species 54"
"Species 78","Species 57"
"Species 78","Species 58"
"Species 78","Species 60"
"Species 78","Species 62"
"Species 79","Species 24"
"Species 79","Species 25"
"Species 79","Species 28"
"Species 79","Species 29"
"Species 79","Species 34"
"Species 79","Species 35"
"Species 79","Species 36"
"Species 79","Species 37"
"Species 79","Species 48"
"Species 79","Species 54"
"Species 79","Species 55"
"Species 79","Species 56"
"Species 79","Species 57"
"Species 79","Species 59"
"Species 79","Species 61"
"Species 79","Species 63"
"Species 79","Species 67"
"Species 79","Species 68"
"Species 79","Species 69"
"Species 79","Species 70"
"Species 79","Species 71"
"Species 80","Species 6"
"Species 80","Species 7"
"Species 80","Species 9"
"Species 80","Species 10"
"Species 80","Species 17"
"Species 80","Species 18"
"Species 80","Species 19"
"Species 81","Species 24"
"Species 81","Species 25"
"Species 81","Species 28"
"Species 81","Species 29"
"Species 81","Species 34"
"Species 81","Species 35"
"Species 81","Species 36"
"Species 81","Species 37"
"Species 81","Species 48"
"Species 81","Species 54"
"Species 81","Species 55"
"Species 81","Species 56"
"Species 81","Species 57"
"Species 81","Species 59"
"Species 81","Species 61"
"Species 81","Species 63"
"Species 81","Species 67"
"Species 81","Species 68"
"Species 81","Species 69"
"Species 81","Species 70"
"Species 81","Species 71"
"Species 82","Species 24"
"Species 82","Species 25"
"Species 82","Species 27"
"Species 82","Species 34"
"Species 82","Species 35"
"Species 82","Species 36"
"Species 82","Species 37"
"Species 82","Species 48"
"Species 82","Species 54"
"Species 82","Species 55"
"Species 82","Species 56"
"Species 82","Species 57"
"Species 82","Species 61"
"Species 82","Species 67"
"Species 83","Species 68"
"Species 83","Species 69"
"Species 83","Species 71"
"Species 84","Species 24"
"Species 84","Species 25"
"Species 84","Species 27"
"Species 84","Species 34"
"Species 84","Species 35"
"Species 84","Species 36"
"Species 84","Species 37"
"Species 84","Species 48"
"Species 84","Species 54"
"Species 84","Species 55"
"Species 84","Species 56"
"Species 84","Species 57"
"Species 84","Species 61"
"Species 84","Species 67"
"Species 84","Species 92"
"Species 85","Species 6"
"Species 85","Species 7"
"Species 85","Species 11"
"Species 85","Species 16"
"Species 85","Species 17"
"Species 85","Species 18"
"Species 85","Species 19"
"Species 85","Species 40"
"Species 85","Species 42"
"Species 85","Species 48"
"Species 85","Species 50"
"Species 85","Species 52"
"Species 85","Species 54"
"Species 85","Species 56"
"Species 86","Species 24"
"Species 86","Species 25"
"Species 86","Species 28"
"Species 86","Species 29"
"Species 86","Species 34"
"Species 86","Species 35"
"Species 86","Species 36"
"Species 86","Species 37"
"Species 86","Species 48"
"Species 86","Species 54"
"Species 86","Species 55"
"Species 86","Species 56"
"Species 86","Species 57"
"Species 86","Species 59"
"Species 86","Species 61"
"Species 86","Species 63"
"Species 86","Species 67"
"Species 86","Species 68"
"Species 86","Species 69"
"Species 86","Species 70"
"Species 86","Species 71"
"Species 87","Species 24"
"Species 87","Species 25"
"Species 87","Species 28"
"Species 87","Species 29"
"Species 87","Species 34"
"Species 87","Species 35"
"Species 87","Species 36"
"Species 87","Species 37"
"Species 87","Species 48"
"Species 87","Species 54"
"Species 87","Species 55"
"Species 87","Species 56"
"Species 87","Species 57"
"Species 87","Species 61"
"Species 87","Species 63"
"Species 87","Species 67"
"Species 87","Species 68"
"Species 87","Species 69"
"Species 87","Species 70"
"Species 87","Species 71"
"Species 88","Species 24"
"Species 88","Species 25"
"Species 88","Species 27"
"Species 88","Species 34"
"Species 88","Species 35"
"Species 88","Species 36"
"Species 88","Species 37"
"Species 88","Species 48"
"Species 88","Species 54"
"Species 88","Species 55"
"Species 88","Species 56"
"Species 88","Species 57"
"Species 88","Species 61"
"Species 88","Species 67"
"Species 88","Species 84"
"Species 88","Species 92"
"Species 88","Species 108"
"Species 89","Species 6"
"Species 89","Species 7"
"Species 89","Species 9"
"Species 89","Species 10"
"Species 89","Species 11"
"Species 89","Species 12"
"Species 89","Species 16"
"Species 89","Species 17"
"Species 89","Species 18"
"Species 89","Species 19"
"Species 89","Species 22"
"Species 89","Species 23"
"Species 89","Species 24"
"Species 89","Species 25"
"Species 89","Species 26"
"Species 89","Species 27"
"Species 89","Species 40"
"Species 89","Species 42"
"Species 89","Species 45"
"Species 89","Species 48"
"Species 89","Species 50"
"Species 89","Species 52"
"Species 89","Species 54"
"Species 89","Species 56"
"Species 90","Species 24"
"Species 90","Species 25"
"Species 90","Species 28"
"Species 90","Species 29"
"Species 90","Species 34"
"Species 90","Species 35"
"Species 90","Species 36"
"Species 90","Species 37"
"Species 90","Species 48"
"Species 90","Species 54"
"Species 90","Species 55"
"Species 90","Species 56"
"Species 90","Species 61"
"Species 90","Species 63"
"Species 90","Species 67"
"Species 90","Species 68"
"Species 90","Species 69"
"Species 90","Species 70"
"Species 90","Species 71"
"Species 91","Species 61"
"Species 91","Species 68"
"Species 91","Species 69"
"Species 91","Species 71"
"Species 92","Species 24"
"Species 92","Species 25"
"Species 92","Species 27"
"Species 92","Species 34"
"Species 92","Species 35"
"Species 92","Species 36"
"Species 92","Species 37"
"Species 92","Species 48"
"Species 92","Species 54"
"Species 92","Species 55"
"Species 92","Species 56"
"Species 92","Species 57"
"Species 92","Species 61"
"Species 92","Species 67"
"Species 93","Species 6"
"Species 93","Species 7"
"Species 93","Species 11"
"Species 93","Species 16"
"Species 93","Species 17"
"Species 93","Species 18"
"Species 93","Species 19"
"Species 93","Species 40"
"Species 93","Species 42"
"Species 93","Species 48"
"Species 93","Species 50"
"Species 93","Species 52"
"Species 93","Species 54"
"Species 93","Species 56"
"Species 94","Species 24"
"Species 94","Species 25"
"Species 94","Species 27"
"Species 94","Species 28"
"Species 94","Species 29"
"Species 94","Species 34"
"Species 94","Species 35"
"Species 94","Species 36"
"Species 94","Species 37"
"Species 94","Species 48"
"Species 94","Species 54"
"Species 94","Species 55"
"Species 94","Species 56"
"Species 94","Species 57"
"Species 94","Species 59"
"Species 94","Species 61"
"Species 94","Species 63"
"Species 94","Species 67"
"Species 94","Species 68"
"Species 94","Species 69"
"Species 94","Species 70"
"Species 94","Species 71"
"Species 95","Species 68"
"Species 95","Species 69"
"Species 95","Species 71"
"Species 96","Species 24"
"Species 96","Species 25"
"Species 96","Species 27"
"Species 96","Species 34"
"Species 96","Species 35"
"Species 96","Species 36"
"Species 96","Species 37"
"Species 96","Species 48"
"Species 96","Species 54"
"Species 96","Species 55"
"Species 96","Species 56"
"Species 96","Species 57"
"Species 96","Species 61"
"Species 96","Species 67"
"Species 97","Species 6"
"Species 97","Species 7"
"Species 97","Species 11"
"Species 97","Species 16"
"Species 97","Species 17"
"Species 97","Species 18"
"Species 97","Species 19"
"Species 97","Species 40"
"Species 97","Species 42"
"Species 97","Species 48"
"Species 97","Species 50"
"Species 97","Species 52"
"Species 97","Species 54"
"Species 97","Species 56"
"Species 98","Species 24"
"Species 98","Species 25"
"Species 98","Species 27"
"Species 98","Species 28"
"Species 98","Species 29"
"Species 98","Species 34"
"Species 98","Species 35"
"Species 98","Species 36"
"Species 98","Species 37"
"Species 98","Species 48"
"Species 98","Species 54"
"Species 98","Species 55"
"Species 98","Species 56"
"Species 98","Species 57"
"Species 98","Species 59"
"Species 98","Species 61"
"Species 98","Species 63"
"Species 98","Species 67"
"Species 98","Species 68"
"Species 98","Species 69"
"Species 98","Species 70"
"Species 98","Species 71"
"Species 99","Species 34"
"Species 99","Species 35"
"Species 99","Species 36"
"Species 99","Species 37"
"Species 99","Species 55"
"Species 99","Species 57"
"Species 99","Species 59"
"Species 99","Species 61"
"Species 99","Species 63"
"Species 99","Species 67"
"Species 99","Species 68"
"Species 99","Species 69"
"Species 99","Species 70"
"Species 99","Species 71"
"Species 100","Species 24"
"Species 100","Species 25"
"Species 100","Species 27"
"Species 100","Species 34"
"Species 100","Species 35"
"Species 100","Species 36"
"Species 100","Species 37"
"Species 100","Species 48"
"Species 100","Species 54"
"Species 100","Species 55"
"Species 100","Species 56"
"Species 100","Species 57"
"Species 100","Species 61"
"Species 100","Species 67"
"Species 100","Species 84"
"Species 100","Species 88"
"Species 100","Species 92"
"Species 100","Species 108"
"Species 101","Species 6"
"Species 101","Species 7"
"Species 101","Species 11"
"Species 101","Species 16"
"Species 101","Species 17"
"Species 101","Species 18"
"Species 101","Species 19"
"Species 101","Species 40"
"Species 101","Species 42"
"Species 101","Species 48"
"Species 101","Species 50"
"Species 101","Species 52"
"Species 101","Species 54"
"Species 101","Species 56"
"Species 102","Species 6"
"Species 102","Species 7"
"Species 102","Species 12"
"Species 102","Species 16"
"Species 102","Species 17"
"Species 102","Species 18"
"Species 102","Species 19"
"Species 102","Species 24"
"Species 102","Species 25"
"Species 102","Species 26"
"Species 102","Species 27"
"Species 102","Species 28"
"Species 102","Species 29"
"Species 102","Species 32"
"Species 102","Species 33"
"Species 102","Species 34"
"Species 102","Species 35"
"Species 102","Species 36"
"Species 102","Species 37"
"Species 102","Species 47"
"Species 102","Species 48"
"Species 102","Species 49"
"Species 102","Species 50"
"Species 102","Species 51"
"Species 102","Species 52"
"Species 102","Species 53"
"Species 102","Species 54"
"Species 102","Species 55"
"Species 102","Species 56"
"Species 102","Species 57"
"Species 102","Species 59"
"Species 102","Species 61"
"Species 102","Species 64"
"Species 102","Species 65"
"Species 102","Species 66"
"Species 102","Species 67"
"Species 102","Species 68"
"Species 102","Species 69"
"Species 104","Species 24"
"Species 104","Species 25"
"Species 104","Species 27"
"Species 104","Species 34"
"Species 104","Species 35"
"Species 104","Species 36"
"Species 104","Species 37"
"Species 104","Species 48"
"Species 104","Species 54"
"Species 104","Species 55"
"Species 104","Species 56"
"Species 104","Species 57"
"Species 104","Species 61"
"Species 104","Species 67"
"Species 104","Species 84"
"Species 104","Species 88"
"Species 104","Species 92"
"Species 104","Species 100"
"Species 104","Species 108"
"Species 105","Species 6"
"Species 105","Species 7"
"Species 105","Species 11"
"Species 105","Species 16"
"Species 105","Species 17"
"Species 105","Species 18"
"Species 105","Species 19"
"Species 105","Species 40"
"Species 105","Species 42"
"Species 105","Species 48"
"Species 105","Species 50"
"Species 105","Species 52"
"Species 105","Species 54"
"Species 105","Species 56"
"Species 106","Species 24"
"Species 106","Species 25"
"Species 106","Species 28"
"Species 106","Species 29"
"Species 106","Species 34"
"Species 106","Species 35"
"Species 106","Species 36"
"Species 106","Species 37"
"Species 106","Species 48"
"Species 106","Species 54"
"Species 106","Species 55"
"Species 106","Species 56"
"Species 106","Species 57"
"Species 106","Species 59"
"Species 106","Species 61"
"Species 106","Species 63"
"Species 106","Species 67"
"Species 106","Species 68"
"Species 106","Species 69"
"Species 106","Species 70"
"Species 106","Species 71"
"Species 107","Species 34"
"Species 107","Species 35"
"Species 107","Species 36"
"Species 107","Species 37"
"Species 107","Species 55"
"Species 107","Species 56"
"Species 107","Species 57"
"Species 107","Species 59"
"Species 107","Species 61"
"Species 107","Species 63"
"Species 107","Species 67"
"Species 107","Species 68"
"Species 107","Species 69"
"Species 107","Species 70"
"Species 107","Species 71"
"Species 108","Species 24"
"Species 108","Species 25"
"Species 108","Species 27"
"Species 108","Species 34"
"Species 108","Species 35"
"Species 108","Species 36"
"Species 108","Species 37"
"Species 108","Species 48"
"Species 108","Species 54"
"Species 108","Species 55"
"Species 108","Species 56"
"Species 108","Species 57"
"Species 108","Species 61"
"Species 108","Species 67"
"Species 108","Species 84"
"Species 108","Species 88"
"Species 108","Species 92"
"Species 109","Species 6"
"Species 109","Species 7"
"Species 109","Species 11"
"Species 109","Species 16"
"Species 109","Species 17"
"Species 109","Species 18"
"Species 109","Species 19"
"Species 109","Species 40"
"Species 109","Species 42"
"Species 109","Species 48"
"Species 109","Species 50"
"Species 109","Species 52"
"Species 109","Species 54"
"Species 109","Species 56"
"Species 110","Species 24"
"Species 110","Species 25"
"Species 110","Species 28"
"Species 110","Species 29"
"Species 110","Species 34"
"Species 110","Species 35"
"Species 110","Species 36"
"Species 110","Species 37"
"Species 110","Species 48"
"Species 110","Species 54"
"Species 110","Species 55"
"Species 110","Species 56"
"Species 110","Species 57"
"Species 110","Species 59"
"Species 110","Species 61"
"Species 110","Species 63"
"Species 110","Species 67"
"Species 110","Species 68"
"Species 110","Species 69"
"Species 110","Species 70"
"Species 111","Species 68"
"Species 111","Species 69"
"Species 111","Species 71"
"Species 112","Species 12"
"Species 112","Species 16"
"Species 112","Species 24"
"Species 112","Species 25"
"Species 112","Species 27"
"Species 112","Species 28"
"Species 112","Species 29"
"Species 112","Species 32"
"Species 112","Species 33"
"Species 112","Species 34"
"Species 112","Species 35"
"Species 112","Species 36"
"Species 112","Species 37"
"Species 112","Species 48"
"Species 112","Species 50"
"Species 112","Species 52"
"Species 112","Species 54"
"Species 112","Species 55"
"Species 112","Species 56"
"Species 112","Species 57"
"Species 112","Species 61"
"Species 112","Species 67"
"Species 113","Species 12"
"Species 113","Species 16"
"Species 113","Species 24"
"Species 113","Species 25"
"Species 113","Species 27"
"Species 113","Species 28"
"Species 113","Species 29"
"Species 113","Species 32"
"Species 113","Species 33"
"Species 113","Species 34"
"Species 113","Species 35"
"Species 113","Species 36"
"Species 113","Species 37"
"Species 113","Species 48"
"Species 113","Species 50"
"Species 113","Species 52"
"Species 113","Species 54"
"Species 113","Species 55"
"Species 113","Species 56"
"Species 113","Species 57"
"Species 113","Species 61"
"Species 113","Species 67"
